promotion_id,platform_metric_id,module,canonical_table,canonical_field,decision,match_basis,confidence,definition_sha256,reason
promo_348229cd2828977f823df851,14,数据总览,business_overview_daily,product_visitors,proposed,exact_existing_alias,high,8897bbeecb11ea9ea6933f3df5ac14ba4161097b44ed18ad1bdb32daa9867c49,exact_table_scoped_alias_requires_human_approval
promo_d09f65ec3e2884e9ab477079,16,商品数据,sku_performance,add_to_cart_users,proposed,exact_existing_alias,high,c0e7204f4d920eb76afc89d6d7123dadcd4f2c4f4fa4b33c9272a6440a6beccb,exact_table_scoped_alias_requires_human_approval
promo_e665859afcb11b068bcc1b42,19,商品数据,sku_performance,paid_buyers,proposed,exact_existing_alias,high,21adf47e6794871928f2e7c94ccbdfab91f95242197a380b4de3cc01110fa19d,exact_table_scoped_alias_requires_human_approval
promo_a7141e877bf226db750ff96a,19,数据总览,business_overview_daily,paid_buyers,proposed,exact_existing_alias,high,21adf47e6794871928f2e7c94ccbdfab91f95242197a380b4de3cc01110fa19d,exact_table_scoped_alias_requires_human_approval
promo_88710570be5e46dd28a1eb9d,20,交易数据/成交分析,business_overview_daily,gmv,proposed,exact_existing_alias,high,5049d02b826e596052f9507b7a37d90098631bf5da5c55a12f13c8030b7d1b3d,exact_table_scoped_alias_requires_human_approval
promo_fd543ed20acdc8c0c2aaa059,20,商品数据,sku_performance,gmv,proposed,exact_existing_alias,high,5049d02b826e596052f9507b7a37d90098631bf5da5c55a12f13c8030b7d1b3d,exact_table_scoped_alias_requires_human_approval
promo_c5b0e7782712276ceab9b324,20,数据总览,business_overview_daily,gmv,proposed,exact_existing_alias,high,5049d02b826e596052f9507b7a37d90098631bf5da5c55a12f13c8030b7d1b3d,exact_table_scoped_alias_requires_human_approval
promo_8da1d80210000362b14b672a,20,流量数据,traffic_source,gmv,proposed,exact_existing_alias,high,5049d02b826e596052f9507b7a37d90098631bf5da5c55a12f13c8030b7d1b3d,exact_table_scoped_alias_requires_human_approval
promo_c07438a967a33018c784ad8d,22,商品数据,sku_performance,aov,proposed,exact_existing_alias,high,1bff0efcb325149329a881ce08496ca6f43690baaa52fd28c2185410b812f610,exact_table_scoped_alias_requires_human_approval
promo_7d3ea43c64b21079a42bd8e5,37,交易数据/成交分析,business_overview_daily,paid_orders,proposed,exact_existing_alias,high,4bd8b824bbd6a3528328d40f195b0da3df28c80445cebe4623d26ef3fd395939,exact_table_scoped_alias_requires_human_approval
promo_8a83e064721be0d8f076ab99,37,商品数据,sku_performance,paid_orders,proposed,exact_existing_alias,high,4bd8b824bbd6a3528328d40f195b0da3df28c80445cebe4623d26ef3fd395939,exact_table_scoped_alias_requires_human_approval
promo_2665a22ba059fdaf5b4bbe83,37,数据总览,business_overview_daily,paid_orders,proposed,exact_existing_alias,high,4bd8b824bbd6a3528328d40f195b0da3df28c80445cebe4623d26ef3fd395939,exact_table_scoped_alias_requires_human_approval
promo_e4076976bbc3949f98f3abed,38,商品数据,sku_performance,paid_units,proposed,exact_existing_alias,high,ec2de0c98ee2deaf0ff180e32b2ae4d6e21fec31f0bbcb92e0981411cd3c5662,exact_table_scoped_alias_requires_human_approval
promo_b1bd38cb3cb59a6d1a31f258,41,交易数据/成交分析,business_overview_daily,refund_amount_refundtime,proposed,exact_existing_alias,high,8bcd349058a3c0ccc9aaddf7640c950fe180f374cb4ab01b1c5439327cb1c2b3,exact_table_scoped_alias_requires_human_approval
promo_8de73f4df13a68fd697c072b,41,商品数据,sku_performance,refund_amount_refundtime,proposed,exact_existing_alias,high,8bcd349058a3c0ccc9aaddf7640c950fe180f374cb4ab01b1c5439327cb1c2b3,exact_table_scoped_alias_requires_human_approval
promo_675965b7058455be1808267e,41,数据总览,business_overview_daily,refund_amount_refundtime,proposed,exact_existing_alias,high,8bcd349058a3c0ccc9aaddf7640c950fe180f374cb4ab01b1c5439327cb1c2b3,exact_table_scoped_alias_requires_human_approval
promo_d9fd78b9ebb0e4308a763c52,55,笔记数据/商品笔记,notes,likes,proposed,exact_existing_alias,high,39a7e12b816b662f853cfbeaa5626e7c87abf39f8b989da2d4ae77e14102150a,exact_table_scoped_alias_requires_human_approval
promo_eafa3a4b328bf992b2adcd27,55,笔记数据/普通笔记,notes,likes,proposed,exact_existing_alias,high,39a7e12b816b662f853cfbeaa5626e7c87abf39f8b989da2d4ae77e14102150a,exact_table_scoped_alias_requires_human_approval
promo_44f1f6a5616600de20abadff,56,笔记数据/商品笔记,notes,collects,proposed,exact_existing_alias,high,e3d01ed1b7c4e7224f7015c9ed7c1043549e8277524120f1be35820b5ebf3944,exact_table_scoped_alias_requires_human_approval
promo_cc24290c60efd040db08d921,56,笔记数据/普通笔记,notes,collects,proposed,exact_existing_alias,high,e3d01ed1b7c4e7224f7015c9ed7c1043549e8277524120f1be35820b5ebf3944,exact_table_scoped_alias_requires_human_approval
promo_f7580c39ed0b8de006a6f3ce,57,笔记数据/商品笔记,notes,comments,proposed,exact_existing_alias,high,5e180515b05d0da1b513c4e8ccab21ad9f6637c9c98eef198c6b7464ecb7d138,exact_table_scoped_alias_requires_human_approval
promo_1923fdcec1ed97c4d10984b7,57,笔记数据/普通笔记,notes,comments,proposed,exact_existing_alias,high,5e180515b05d0da1b513c4e8ccab21ad9f6637c9c98eef198c6b7464ecb7d138,exact_table_scoped_alias_requires_human_approval
promo_4d7ada365db339374fd92bf5,58,笔记数据/商品笔记,notes,shares,proposed,exact_existing_alias,high,705b1fb7f0e82a4cf2b1b21e3ad001aa5d8f83cfd1303503cde859b5e9533bd0,exact_table_scoped_alias_requires_human_approval
promo_0e4963d3eac670f1f50c5efb,58,笔记数据/普通笔记,notes,shares,proposed,exact_existing_alias,high,705b1fb7f0e82a4cf2b1b21e3ad001aa5d8f83cfd1303503cde859b5e9533bd0,exact_table_scoped_alias_requires_human_approval
promo_a362d5d31869c67f7cca5c74,95,服务数据/售后数据,,,deferred,,,080ac5e399d8e6aa4cac77528d03ed5b93e656418b7935717ad79082f5963348,module_outside_current_skill_scope
promo_ebf96481e9940f51742057ef,96,服务数据/售后数据,,,deferred,,,33d2f6347fc89db7224f65e2e0fbd97449a8c527671dc0c3555cf853014aaf3c,module_outside_current_skill_scope
promo_b9a0430ef491f4ea1118319f,97,服务数据/售后数据,,,deferred,,,3a41d523540eb527eb1d842864ef9a61bd81aef99193cfbb91b718daccf0a398,module_outside_current_skill_scope
promo_b08c90f6ce445624294b6696,102,服务数据/客服数据,,,deferred,,,daa22aaeb3e8f77a7011a5ac6d6fbf0d8a04be30fbfdde8920b9803275614b3b,module_outside_current_skill_scope
promo_c6eb483fdd252bc949b2cb8f,104,服务数据/客服数据,,,deferred,,,1981c93dfe03ebe695502bc2bad43f180f02eb213a25e059bc6034b6b869c875,module_outside_current_skill_scope
promo_865d1155b62c2d18a584f230,105,服务数据/客服数据,,,deferred,,,e97409759af16de723db85f2844ed8d1dc8962e27923bceef01fb8429898aae1,module_outside_current_skill_scope
promo_e1aace8588c526d4de4900c2,106,服务数据/客服数据,,,deferred,,,75a5f988f68678b0f19ad477db57ad65cc72ff878d3117641c3a36f33956fc2d,module_outside_current_skill_scope
promo_0d3bca5b59b7ba719c8ecd3c,107,服务数据/客服数据,,,deferred,,,ad1c61316e15d04f374feab53977b1e8b752307a952032ed0830660382f2c3de,module_outside_current_skill_scope
promo_94925f6759ff0389716f2e6d,108,服务数据/客服数据,,,deferred,,,4c1ba21cde7a36e13fac2443c66ce5bc264a5fad54e4a637c5823a5deb354fc7,module_outside_current_skill_scope
promo_2d7f252e2c0524462d6849bb,109,服务数据/客服数据,,,deferred,,,af7712b2f0de205217b2b0c9f0bb977652cc574b0fa8915ae869324e90fe7fe6,module_outside_current_skill_scope
promo_be9407e5a37fd1f8b0482d1a,143,服务数据/物流数据,,,deferred,,,4cdc08db780134338f3ec441f8733ce5c27116e032a0687fdea889206d34a6df,module_outside_current_skill_scope
promo_9684c036815cd75a44faa04d,144,服务数据/物流数据,,,deferred,,,07d4aef4e75097a095ebe51ae5ae118e66e96854a80e536ce195a9b338b883ae,module_outside_current_skill_scope
promo_fcc826ab45de81f0fa14ba9c,145,服务数据/物流数据,,,deferred,,,1b1942e0e5365600f377fdc70e5f27db5faff526fe94772add6d52b814a44ab4,module_outside_current_skill_scope
promo_c78328b4494181c2d3b6d36c,146,服务数据/物流数据,,,deferred,,,00ecd1442d272bc46262d5aad37fd4a6da2eab6af3f8a35b8f51215bb57695e9,module_outside_current_skill_scope
promo_8f8c5c0704b864d6108d101b,147,服务数据/物流数据,,,deferred,,,6cd5e3db1f35f0fb413c70ff0ea6f4c52683aa2af7131ef29adbecbcc642b498,module_outside_current_skill_scope
promo_62efcadc478e015679a6add9,149,服务数据/物流数据,,,deferred,,,7aa0570b4d8c86d5f4e92bd5ca518f0dd1e64ab7a60faf71139c59d440095be9,module_outside_current_skill_scope
promo_69ef05c6c24c132e267e9141,150,服务数据/物流数据,,,deferred,,,32e85f959aaf0cc5dcfe0f53ac337c36bdbca54ffe2b5cfbdb1b5a0ddd89afc1,module_outside_current_skill_scope
promo_e36be0aa8315a381fd3cc7b3,151,服务数据/物流数据,,,deferred,,,548fad7d7fc65fab9b74aed645c91658385640721998acb27daaa1182d6447d8,module_outside_current_skill_scope
promo_e765fcdf9feb94615885d6d5,152,服务数据/物流数据,,,deferred,,,853e67e59e46bc079aa11bc2d24037cec8ce96fbd2bc9eeda9310c73d3e2d4bb,module_outside_current_skill_scope
promo_40ba0692a47c2787f4a1b7c4,158,服务数据/客服数据,,,deferred,,,2bbf57ed4a7e3de0d0df2776fa64a53a605a1be320cef1de015374300952092a,module_outside_current_skill_scope
promo_cd41f4e1007061714daf501a,185,直播数据/直播总览,,,deferred,,,3e9db98db7eca67b3fd83f6546f9770f12718e28dd5e46e071481b8286676d2f,module_outside_current_skill_scope
promo_681830d5c37ad089b8b766eb,186,直播数据/直播总览,,,deferred,,,3c8ff68760a536cf8c20db31eee8a6fd97930a6f633170b3e298908c1b1276ba,module_outside_current_skill_scope
promo_0323543fddcc7218c678c2ee,187,直播数据/直播总览,,,deferred,,,1189554aea09ab98cd4bfa0a1d4fb793a763d110361c660f02184d701d3d0830,module_outside_current_skill_scope
promo_0b87d12d91e0d9854371788e,190,直播数据/直播总览,,,deferred,,,54daaf8b61fde4e1dcca10280fb2e4dce96f2ccc3a4f10cb05505c6b26cd137a,module_outside_current_skill_scope
promo_8eb0dd49d1ff43d19a6e87d8,192,直播数据/直播总览,,,deferred,,,c8a9280a071af91dd4e8cd5fbb02d790205bd2058a3a93fd793910eef272733c,module_outside_current_skill_scope
promo_76ec60d691df2b07a5590f6d,193,直播数据/直播总览,,,deferred,,,f5ac1c0bb3974c51821ba6e5f02a8a77edfd8c8d3dabe265738825280068ca7c,module_outside_current_skill_scope
promo_c6bb21d478f9c810e8e6a369,325,直播数据/直播总览,,,deferred,,,751a63900677c03ae6f1671b65c952d5dd15b4651ab88f5ba6ad00862d7dd264,module_outside_current_skill_scope
promo_666802bb3213bd76434e90b8,370,数据总览,business_overview_daily,note_gmv,proposed,exact_existing_alias,high,c9ad213338c88772309a05675e437b1c27c883af96d3092ded15d54050e91e7c,exact_table_scoped_alias_requires_human_approval
promo_f4797cdf68f5442b1421a366,370,笔记数据/商品笔记,notes,note_gmv,proposed,exact_existing_alias,high,c9ad213338c88772309a05675e437b1c27c883af96d3092ded15d54050e91e7c,exact_table_scoped_alias_requires_human_approval
promo_87079be19a1323386cec5b24,382,笔记数据/商品笔记,notes,note_paid_buyers,proposed,exact_existing_alias,high,629db506dbbeefbad97e6c33c77496a64387b3ad74468bc35fd1195161c87351,exact_table_scoped_alias_requires_human_approval
promo_3040830de4fc9d798d0dec79,383,笔记数据/商品笔记,notes,note_paid_orders,proposed,exact_existing_alias,high,12c7dbcf4848d4e1c9df2dd09bbdab0d900c7738785905daba0b1ce20f027eb5,exact_table_scoped_alias_requires_human_approval
promo_18f492206080095e7740f6ac,1289,服务数据/评价数据,,,deferred,,,3b06ff89bc91b85d2efa9cf761b6b01d63e8c88c3ce10e074860df125e6354aa,module_outside_current_skill_scope
promo_767bf87caa52b59432099c72,1290,服务数据/评价数据,,,deferred,,,f1b4417afd3f91fb066c9b00f0d7f6a95a6e4c494feb20acd924059b4c8e735b,module_outside_current_skill_scope
promo_669c56d049ca7a2fd8b0e644,1291,服务数据/评价数据,,,deferred,,,7f734e676b963e0b96e659d28e93daa58f8408695beff236ae8f213c99a78c41,module_outside_current_skill_scope
promo_086ebf2ce4f731b451e99b33,1292,服务数据/评价数据,,,deferred,,,5dc760f1565bbd0ab5b649e3aa4594ce7805932089ca7bdb5d5ab3aba3b3dc9d,module_outside_current_skill_scope
promo_cc93cfe8a4f4cb618058e6d3,1293,服务数据/评价数据,,,deferred,,,5382a79f7225fc02ccd1a09e21d5a80f952ec8b97627febfdf51951b5a70d56f,module_outside_current_skill_scope
promo_0d553866b409bcd27cc5b23c,1294,服务数据/评价数据,,,deferred,,,31987c449f642abe29bdaa1593293361ec70b77ab5d26cd013082f15fdde378e,module_outside_current_skill_scope
promo_f31afc60650a093e00554583,1295,服务数据/评价数据,,,deferred,,,16c28220bb823a68e0544a5106c843ca50956ef48b855caac4847f5804831837,module_outside_current_skill_scope
promo_6a1983dcaa7da3f9034627b1,1319,店铺数据/群聊数据,,,deferred,,,fc54d6108d4c0deb30b0a35645ccd29131912df180d1c52dda3eee13c00bb2e1,module_outside_current_skill_scope
promo_49862228d6f2aad299ddf031,1320,店铺数据/群聊数据,,,deferred,,,0ae355d0ea2752af52462ea486504156f2e547336c3625e7e3be72784fab64af,module_outside_current_skill_scope
promo_7de2898b3e9a1892ead9f27a,1321,店铺数据/群聊数据,,,deferred,,,9aa65e32ba0add4f214f948bc2e3a9922f4082da0619dafa43e3ade3ae0b11d1,module_outside_current_skill_scope
promo_0e31a781b55190de3fb2aff3,1322,店铺数据/群聊数据,,,deferred,,,56106049157ae0f32759fd0edb1a86c623c3502e50cc045fbca6e5308979a159,module_outside_current_skill_scope
promo_a3a735d018b6e17d68532082,1323,店铺数据/群聊数据,,,deferred,,,6424acae29e9d7c96395969524c61f6b3f6862273c97386fdd89f8bcb318a61a,module_outside_current_skill_scope
promo_39345cde345cce50d1ff6c26,1324,店铺数据/群聊数据,,,deferred,,,14fa70daad9ca016c83fb6012e4d690750e7e45251aa3f46d4dddea3d2509947,module_outside_current_skill_scope
promo_5c973df9dd44c8d715befe6f,1325,店铺数据/群聊数据,,,deferred,,,2e128019d6b6f9810cb1ec43b2203884b9fb168d128dff0b86fa24e8b3b814b3,module_outside_current_skill_scope
promo_2a8a25031c21eb92a0e796ed,1326,店铺数据/群聊数据,,,deferred,,,4d6152734db269350cd2f217946bc2ca512367a9c457198625075f04529a6dd8,module_outside_current_skill_scope
promo_8b858fddda81de6e7a7bd3f9,1327,店铺数据/群聊数据,,,deferred,,,4ad623dbd041e9e065e25659854e5eaab91492e3e9653f0a378c805fda45e323,module_outside_current_skill_scope
promo_6b395c4824db42f98e622cf8,1328,店铺数据/群聊数据,,,deferred,,,60553b5887615208c195fe115a81e0da52e682041d6aa04dc8315289b2abc915,module_outside_current_skill_scope
promo_b5c38ddda723c560f149672e,1335,服务数据/客服数据,,,deferred,,,e7863d865d91c55fda476b1f47505ff39f28f49281ceff15508891586d1ca8c4,module_outside_current_skill_scope
promo_a44bfb8702ff170c28054551,1491,笔记数据/商品笔记,notes,completion_rate_pv,proposed,exact_existing_alias,high,14d15d5ac208d45fd13279e031d89a7cb6203a31c50a1fd40cabe077ec955db6,exact_table_scoped_alias_requires_human_approval
promo_acb5f6c0aa5d764f29ab59c4,1491,笔记数据/普通笔记,notes,completion_rate_pv,proposed,exact_existing_alias,high,14d15d5ac208d45fd13279e031d89a7cb6203a31c50a1fd40cabe077ec955db6,exact_table_scoped_alias_requires_human_approval
promo_bd5776215a15f192fcba776e,1495,笔记数据/商品笔记,notes,product_clicks,proposed,exact_existing_alias,high,77878ae3e306c54689d523d58930b1a5a9d15dc904dbfea8da8fd7396c7ada71,exact_table_scoped_alias_requires_human_approval
promo_5973428db491e33822707c07,1496,笔记数据/商品笔记,notes,product_click_users,proposed,exact_existing_alias,high,4ccf285676ad310008b243275142a644be0b99055642ae7487d41b3d9c293875,exact_table_scoped_alias_requires_human_approval
promo_0d7050ff08887c02b8f72408,1572,直播数据/直播总览,,,deferred,,,2b29287a1ea5fc3b5c6ed2849407434cdc907aa3daa52518f9022299fd01dae6,module_outside_current_skill_scope
promo_1b6aafebc5596ec6ed835916,1723,店铺数据/店铺主页,shop_page_source,shop_gmv,proposed,exact_existing_alias,high,87c4dea23feb9673683b2c1ecac48d36ed0bee17d35518c585a4de2d90ce827c,exact_table_scoped_alias_requires_human_approval
promo_b481b5b718e0bfc214304c12,1725,店铺数据/店铺主页,shop_page_source,enter_pay_rate,proposed,exact_existing_alias,high,e6cce16dc47698417b52ae6ca25a89b591823ed1313c6c500f83e50fba727478,exact_table_scoped_alias_requires_human_approval
promo_de90a528f2b85cf79c17f2a2,1726,店铺数据/店铺主页,shop_page_source,gmv_per_user,proposed,exact_existing_alias,high,000cbea55c094c8fd4de944aee8212ade08f75dd25593727e42e1c779b444671,exact_table_scoped_alias_requires_human_approval
promo_73b24e8b97a64b71774b8c50,1762,笔记数据/商品笔记,notes,note_refund_amount_pay,proposed,exact_existing_alias,high,3e669f44099d56306fc062492c1161e3a6f00964d17753e6ffc3d9a772e0fd79,exact_table_scoped_alias_requires_human_approval
promo_ca7d9709a5e80ae72f22a308,1766,直播数据/直播总览,,,deferred,,,8a71dc08c88c180bc5da79713a635c2a95b3141ba7817f12560e47dac8012f15,module_outside_current_skill_scope
promo_1491a2b7fc6ba19aa0207237,1767,直播数据/直播总览,,,deferred,,,883d1cea6b7640e98b11c46dd14b14360c8e53e98919a3122b19c5f54cba8a2f,module_outside_current_skill_scope
promo_dca32a487a15905e357abad8,1774,交易数据/成交分析,business_overview_daily,refund_amount_pay,proposed,exact_existing_alias,high,5d3109793e7d162b925ac8fed52fb5f14d0cfc2034fc14d7e8ffdcbae135267c,exact_table_scoped_alias_requires_human_approval
promo_a1a5e20667935a2714964f14,1774,商品数据,sku_performance,refund_amount_pay,proposed,exact_existing_alias,high,5d3109793e7d162b925ac8fed52fb5f14d0cfc2034fc14d7e8ffdcbae135267c,exact_table_scoped_alias_requires_human_approval
promo_931ff90b23f294609287cb84,1774,数据总览,business_overview_daily,refund_amount_pay,proposed,exact_existing_alias,high,5d3109793e7d162b925ac8fed52fb5f14d0cfc2034fc14d7e8ffdcbae135267c,exact_table_scoped_alias_requires_human_approval
promo_a70581bcf40120fd392cc295,1775,交易数据/成交分析,business_overview_daily,net_gmv_pay,proposed,exact_existing_alias,high,f5877c81f756e80b835a27a94a481d3a4b9e1ac5dc9d21c22a7c85274ef11431,exact_table_scoped_alias_requires_human_approval
promo_27be4e716f854ba211f70720,1775,商品数据,sku_performance,net_gmv_pay,proposed,exact_existing_alias,high,f5877c81f756e80b835a27a94a481d3a4b9e1ac5dc9d21c22a7c85274ef11431,exact_table_scoped_alias_requires_human_approval
promo_3d084b56f02f5fe7053c3009,1775,数据总览,business_overview_daily,net_gmv_pay,proposed,exact_existing_alias,high,f5877c81f756e80b835a27a94a481d3a4b9e1ac5dc9d21c22a7c85274ef11431,exact_table_scoped_alias_requires_human_approval
promo_4685f4b21eb16666b7340fcc,1776,交易数据/成交分析,business_overview_daily,refund_rate_pay,proposed,exact_existing_alias,high,f4f0d8ddb998c7e2e34c027f49ef6bc638ff2cc007d5acc07c99bcbe5b4b3c27,exact_table_scoped_alias_requires_human_approval
promo_57c6fc4d8d5b9ccaae321ec6,1776,商品数据,sku_performance,refund_rate_pay,proposed,exact_existing_alias,high,f4f0d8ddb998c7e2e34c027f49ef6bc638ff2cc007d5acc07c99bcbe5b4b3c27,exact_table_scoped_alias_requires_human_approval
promo_3d39e78ba276309c43c2ba6e,1776,数据总览,business_overview_daily,refund_rate_pay,proposed,exact_existing_alias,high,f4f0d8ddb998c7e2e34c027f49ef6bc638ff2cc007d5acc07c99bcbe5b4b3c27,exact_table_scoped_alias_requires_human_approval
promo_01afae95c7281a4514f9b9df,1777,交易数据/成交分析,business_overview_daily,refund_orders_pay,proposed,exact_existing_alias,high,41b93d84ae8604bc6a5423892651405e09b1d01d565b87d40bc90522699e23e4,exact_table_scoped_alias_requires_human_approval
promo_88d55075ced548efb4cd1696,1777,商品数据,sku_performance,refund_orders_pay,proposed,exact_existing_alias,high,41b93d84ae8604bc6a5423892651405e09b1d01d565b87d40bc90522699e23e4,exact_table_scoped_alias_requires_human_approval
promo_8eeee24591b7cd528958cd91,1777,数据总览,business_overview_daily,refund_orders_pay,proposed,exact_existing_alias,high,41b93d84ae8604bc6a5423892651405e09b1d01d565b87d40bc90522699e23e4,exact_table_scoped_alias_requires_human_approval
promo_d775950e5329f01ca3853377,1794,交易数据/买手分析,,,deferred,,,ba133bf6f5ced53c9074eab54a993b3407e3ba835ae3c08b266214d837d1c826,module_outside_current_skill_scope
promo_de74c452b7b00b4642b63675,1795,交易数据/买手分析,,,deferred,,,b40ecc7fb57e642cc8858380db906b213f79abe339bbcf5331da5a0766426784,module_outside_current_skill_scope
promo_dba32177ae05e263c572d0ea,1796,交易数据/买手分析,,,deferred,,,6425d33d6fc1499aa5c3175c8731246d05092d81f8bdfbbeb3bb995f04d3855c,module_outside_current_skill_scope
promo_d00d22536bc970285455e393,1799,交易数据/买手分析,,,deferred,,,25abc8e7f236489f739ae3d8d9acd5289cceb4bd4909b24da4674061e8e45425,module_outside_current_skill_scope
